<?xml version="1.0" encoding="UTF-8"?>
<project version="4">
  <component name="ChangeListManager">
    <list default="true" id="6c2c0a9b-0e1a-41f1-aaa5-1bc2eeedd05a" name="Default Changelist" comment="" />
    <option name="SHOW_DIALOG" value="false" />
    <option name="HIGHLIGHT_CONFLICTS" value="true" />
    <option name="HIGHLIGHT_NON_ACTIVE_CHANGELIST" value="false" />
    <option name="LAST_RESOLUTION" value="IGNORE" />
  </component>
  <component name="CoverageViewManager">
    <option name="myElementSize" value="175" />
  </component>
  <component name="ExternalProjectsData">
    <projectState path="$PROJECT_DIR$">
      <ProjectState />
    </projectState>
  </component>
  <component name="FileTemplateManagerImpl">
    <option name="RECENT_TEMPLATES">
      <list>
        <option value="Interface" />
        <option value="Class" />
      </list>
    </option>
  </component>
  <component name="ProjectId" id="1bO0pQ7NeT1UYwwYWTPQG2Zb3ax" />
  <component name="ProjectViewState">
    <option name="hideEmptyMiddlePackages" value="true" />
    <option name="showExcludedFiles" value="true" />
    <option name="showLibraryContents" value="true" />
  </component>
  <component name="PropertiesComponent">
    <property name="RunOnceActivity.ShowReadmeOnStart" value="true" />
    <property name="project.structure.last.edited" value="Project" />
    <property name="project.structure.proportion" value="0.0" />
    <property name="project.structure.side.proportion" value="0.0" />
    <property name="settings.editor.selected.configurable" value="preferences.lookFeel" />
  </component>
  <component name="RunManager">
    <configuration name="Console" type="Application" factoryName="Application" temporary="true" nameIsGenerated="true">
      <option name="MAIN_CLASS_NAME" value="Project.Console" />
      <module name="Project_v.1.0.0.main" />
      <extension name="coverage">
        <pattern>
          <option name="PATTERN" value="Project.*" />
          <option name="ENABLED" value="true" />
        </pattern>
      </extension>
      <method v="2">
        <option name="Make" enabled="true" />
      </method>
    </configuration>
    <recent_temporary>
      <list>
        <item itemvalue="Application.Console" />
      </list>
    </recent_temporary>
  </component>
  <component name="SvnConfiguration">
    <configuration />
  </component>
  <component name="TaskManager">
    <task active="true" id="Default" summary="Default task">
      <changelist id="6c2c0a9b-0e1a-41f1-aaa5-1bc2eeedd05a" name="Default Changelist" comment="" />
      <created>1588488014366</created>
      <option name="number" value="Default" />
      <option name="presentableId" value="Default" />
      <updated>1588488014366</updated>
    </task>
    <servers />
  </component>
  <component name="WindowStateProjectService">
    <state x="137" y="39" key="#com.intellij.execution.impl.EditConfigurationsDialog" timestamp="1588496663569">
      <screen x="0" y="0" width="1366" height="768" />
    </state>
    <state x="137" y="39" key="#com.intellij.execution.impl.EditConfigurationsDialog/0.0.1366.768@0.0.1366.768" timestamp="1588496663569" />
    <state x="413" y="131" key="#com.intellij.refactoring.typeMigration.ui.FailedConversionsDialog" timestamp="1588489811477">
      <screen x="0" y="0" width="1366" height="768" />
    </state>
    <state x="413" y="131" key="#com.intellij.refactoring.typeMigration.ui.FailedConversionsDialog/0.0.1366.768@0.0.1366.768" timestamp="1588489811477" />
    <state width="1306" height="189" key="GridCell.Tab.0.bottom" timestamp="1588497397481">
      <screen x="0" y="0" width="1366" height="768" />
    </state>
    <state width="1306" height="189" key="GridCell.Tab.0.bottom/0.0.1366.768@0.0.1366.768" timestamp="1588497397481" />
    <state width="1306" height="189" key="GridCell.Tab.0.center" timestamp="1588497397481">
      <screen x="0" y="0" width="1366" height="768" />
    </state>
    <state width="1306" height="189" key="GridCell.Tab.0.center/0.0.1366.768@0.0.1366.768" timestamp="1588497397481" />
    <state width="1306" height="189" key="GridCell.Tab.0.left" timestamp="1588497397481">
      <screen x="0" y="0" width="1366" height="768" />
    </state>
    <state width="1306" height="189" key="GridCell.Tab.0.left/0.0.1366.768@0.0.1366.768" timestamp="1588497397481" />
    <state width="1306" height="189" key="GridCell.Tab.0.right" timestamp="1588497397481">
      <screen x="0" y="0" width="1366" height="768" />
    </state>
    <state width="1306" height="189" key="GridCell.Tab.0.right/0.0.1366.768@0.0.1366.768" timestamp="1588497397481" />
    <state width="1306" height="236" key="GridCell.Tab.1.bottom" timestamp="1588494932461">
      <screen x="0" y="0" width="1366" height="768" />
    </state>
    <state width="1306" height="236" key="GridCell.Tab.1.bottom/0.0.1366.768@0.0.1366.768" timestamp="1588494932461" />
    <state width="1306" height="236" key="GridCell.Tab.1.center" timestamp="1588494932461">
      <screen x="0" y="0" width="1366" height="768" />
    </state>
    <state width="1306" height="236" key="GridCell.Tab.1.center/0.0.1366.768@0.0.1366.768" timestamp="1588494932461" />
    <state width="1306" height="236" key="GridCell.Tab.1.left" timestamp="1588494932461">
      <screen x="0" y="0" width="1366" height="768" />
    </state>
    <state width="1306" height="236" key="GridCell.Tab.1.left/0.0.1366.768@0.0.1366.768" timestamp="1588494932461" />
    <state width="1306" height="236" key="GridCell.Tab.1.right" timestamp="1588494932461">
      <screen x="0" y="0" width="1366" height="768" />
    </state>
    <state width="1306" height="236" key="GridCell.Tab.1.right/0.0.1366.768@0.0.1366.768" timestamp="1588494932461" />
    <state x="163" y="0" key="SettingsEditor" timestamp="1588497459855">
      <screen x="0" y="0" width="1366" height="768" />
    </state>
    <state x="163" y="0" key="SettingsEditor/0.0.1366.768@0.0.1366.768" timestamp="1588497459855" />
    <state x="379" y="208" key="com.intellij.ide.util.TipDialog" timestamp="1588488017853">
      <screen x="0" y="0" width="1366" height="768" />
    </state>
    <state x="379" y="208" key="com.intellij.ide.util.TipDialog/0.0.1366.768@0.0.1366.768" timestamp="1588488017853" />
    <state x="346" y="89" width="672" height="678" key="search.everywhere.popup" timestamp="1588493688591">
      <screen x="0" y="0" width="1366" height="768" />
    </state>
    <state x="346" y="89" width="672" height="678" key="search.everywhere.popup/0.0.1366.768@0.0.1366.768" timestamp="1588493688591" />
  </component>
  <component name="com.intellij.coverage.CoverageDataManagerImpl">
    <SUITE FILE_PATH="coverage/Project_v_1_0_0$Console.ic" NAME="Console Coverage Results" MODIFIED="1588497384042" SOURCE_PROVIDER="com.intellij.coverage.DefaultCoverageFileProvider" RUNNER="idea" COVERAGE_BY_TEST_ENABLED="false" COVERAGE_TRACING_ENABLED="false">
      <FILTER>Project.*</FILTER>
    </SUITE>
  </component>
</project>